{
  "method": "watershed",
  "metrics": [
    "iou",
    "f1"
  ],
  "total_images": 80,
  "evaluated_images": 80,
  "overall_performance": {
    "mean_iou": 0.1626295151890972,
    "std_iou": 0.18365626583082365,
    "mean_f1": 0.2433086592735388,
    "std_f1": 0.23658935694593813
  },
  "by_complexity": {
    "DIS-TE1": {
      "mean_iou": 0.1687,
      "std_iou": 0.1993,
      "min_iou": 0.0,
      "max_iou": 0.6604,
      "mean_f1": 0.2484,
      "std_f1": 0.2512,
      "min_f1": 0.0,
      "max_f1": 0.7954
    },
    "DIS-TE2": {
      "mean_iou": 0.1548,
      "std_iou": 0.15,
      "min_iou": 0.0,
      "max_iou": 0.4965,
      "mean_f1": 0.2426,
      "std_f1": 0.2076,
      "min_f1": 0.0,
      "max_f1": 0.6635
    },
    "DIS-TE3": {
      "mean_iou": 0.148,
      "std_iou": 0.1904,
      "min_iou": 0.0,
      "max_iou": 0.6295,
      "mean_f1": 0.2186,
      "std_f1": 0.2511,
      "min_f1": 0.0,
      "max_f1": 0.7726
    },
    "DIS-TE4": {
      "mean_iou": 0.1791,
      "std_iou": 0.2028,
      "min_iou": 0.0005,
      "max_iou": 0.7619,
      "mean_f1": 0.2636,
      "std_f1": 0.2498,
      "min_f1": 0.001,
      "max_f1": 0.8649
    }
  },
  "timestamp": "2026-03-31T13:16:55.072537"
}