{
  "method": "kmeans",
  "metrics": [
    "iou",
    "f1"
  ],
  "total_images": 80,
  "evaluated_images": 80,
  "overall_performance": {
    "mean_iou": 0.21225437978414882,
    "std_iou": 0.16020762225452703,
    "mean_f1": 0.32416780440369586,
    "std_f1": 0.20156686028057655
  },
  "by_complexity": {
    "DIS-TE1": {
      "mean_iou": 0.1899,
      "std_iou": 0.1991,
      "min_iou": 0.0056,
      "max_iou": 0.7798,
      "mean_f1": 0.2808,
      "std_f1": 0.2451,
      "min_f1": 0.0112,
      "max_f1": 0.8763
    },
    "DIS-TE2": {
      "mean_iou": 0.1761,
      "std_iou": 0.1601,
      "min_iou": 0.0211,
      "max_iou": 0.5565,
      "mean_f1": 0.2733,
      "std_f1": 0.2036,
      "min_f1": 0.0413,
      "max_f1": 0.7151
    },
    "DIS-TE3": {
      "mean_iou": 0.2278,
      "std_iou": 0.1387,
      "min_iou": 0.0495,
      "max_iou": 0.5046,
      "mean_f1": 0.3522,
      "std_f1": 0.1767,
      "min_f1": 0.0943,
      "max_f1": 0.6708
    },
    "DIS-TE4": {
      "mean_iou": 0.2553,
      "std_iou": 0.1346,
      "min_iou": 0.0837,
      "max_iou": 0.5899,
      "mean_f1": 0.3904,
      "std_f1": 0.1613,
      "min_f1": 0.1545,
      "max_f1": 0.7421
    }
  },
  "timestamp": "2026-03-31T13:15:44.174283"
}